﻿pos_x,pos_y,rotation,side,designator,mpn,pack,footprint,value,mount_type,place
228.886,-76.175,0.0,top,D1,,,D3_TH_SMD,D,tht,True
238.903,-78.825,0.0,top,D10,,,D3_TH_SMD,D,tht,True
238.903,-81.475,0.0,top,D11,,,D3_TH_SMD,D,tht,True
238.903,-84.125,0.0,top,D12,,,D3_TH_SMD,D,tht,True
238.903,-86.775,0.0,top,D13,,,D3_TH_SMD,D,tht,True
238.903,-89.425,0.0,top,D14,,,D3_TH_SMD,D,tht,True
238.903,-92.075,0.0,top,D15,,,D3_TH_SMD,D,tht,True
238.903,-94.725,0.0,top,D16,,,D3_TH_SMD,D,tht,True
248.92,-76.175,0.0,top,D17,,,D3_TH_SMD,D,tht,True
248.92,-78.825,0.0,top,D18,,,D3_TH_SMD,D,tht,True
248.92,-81.475,0.0,top,D19,,,D3_TH_SMD,D,tht,True
228.886,-78.825,0.0,top,D2,,,D3_TH_SMD,D,tht,True
248.92,-84.125,0.0,top,D20,,,D3_TH_SMD,D,tht,True
248.92,-86.775,0.0,top,D21,,,D3_TH_SMD,D,tht,True
248.92,-89.425,0.0,top,D22,,,D3_TH_SMD,D,tht,True
248.92,-92.075,0.0,top,D23,,,D3_TH_SMD,D,tht,True
228.886,-81.475,0.0,top,D3,,,D3_TH_SMD,D,tht,True
228.886,-84.125,0.0,top,D4,,,D3_TH_SMD,D,tht,True
228.886,-86.775,0.0,top,D5,,,D3_TH_SMD,D,tht,True
228.886,-89.425,0.0,top,D6,,,D3_TH_SMD,D,tht,True
228.886,-92.075,0.0,top,D7,,,D3_TH_SMD,D,tht,True
228.886,-94.725,0.0,top,D8,,,D3_TH_SMD,D,tht,True
238.903,-76.175,0.0,top,D9,,,D3_TH_SMD,D,tht,True
229.2025,-96.8,0.0,top,J1,,,MJ-4PP-9,MJ-4PP-9,tht,True
234.6225,-97.895,0.0,top,OL1,,,OLED,OLED,tht,True
73.279,-42.926,0.0,top,SW1,,,CherryMX_1u,SW_PUSH,tht,True
93.479,-103.526,0.0,top,SW10,,,CherryMX_1u,SW_PUSH,tht,True
93.479,-123.726,0.0,top,SW11,,,CherryMX_1u,SW_PUSH,tht,True
93.479,-143.926,0.0,top,SW12,,,CherryMX_1u,SW_PUSH,tht,True
113.679,-42.926,0.0,top,SW13,,,CherryMX_1u,SW_PUSH,tht,True
113.679,-63.126,0.0,top,SW14,,,CherryMX_1u,SW_PUSH,tht,True
113.679,-83.326,0.0,top,SW15,,,CherryMX_1u,SW_PUSH,tht,True
113.679,-103.526,0.0,top,SW16,,,CherryMX_1u,SW_PUSH,tht,True
113.679,-123.726,0.0,top,SW17,,,CherryMX_1u,SW_PUSH,tht,True
113.679,-143.926,0.0,top,SW18,,,CherryMX_1u,SW_PUSH,tht,True
133.879,-42.926,0.0,top,SW19,,,CherryMX_1u,SW_PUSH,tht,True
73.279,-63.126,0.0,top,SW2,,,CherryMX_1u,SW_PUSH,tht,True
133.879,-63.126,0.0,top,SW20,,,CherryMX_1u,SW_PUSH,tht,True
133.879,-83.326,0.0,top,SW21,,,CherryMX_1u,SW_PUSH,tht,True
133.879,-103.526,0.0,top,SW22,,,CherryMX_1u,SW_PUSH,tht,True
133.879,-123.726,0.0,top,SW23,,,CherryMX_1u,SW_PUSH,tht,True
73.279,-83.326,0.0,top,SW3,,,CherryMX_1u,SW_PUSH,tht,True
73.279,-103.526,0.0,top,SW4,,,CherryMX_1u,SW_PUSH,tht,True
73.279,-123.726,0.0,top,SW5,,,CherryMX_1u,SW_PUSH,tht,True
73.279,-143.926,0.0,top,SW6,,,CherryMX_1u,SW_PUSH,tht,True
93.479,-42.926,0.0,top,SW7,,,CherryMX_1u,SW_PUSH,tht,True
93.479,-63.126,0.0,top,SW8,,,CherryMX_1u,SW_PUSH,tht,True
93.479,-83.326,0.0,top,SW9,,,CherryMX_1u,SW_PUSH,tht,True
234.6125,-58.273,0.0,top,U1,,,ProMicro_v2,ProMicro,tht,True
